,accuracy,tpr,tnr,fpr,fnr,ppv,npv,f1,auc,selection_rate,n_samples,std_score
He_Him,0.9863464417473987,0.9370291196600288,0.9567560484949768,0.04324395150502325,0.06297088033997122,0.955885811028525,0.9382473105697853,0.9463635427903359,0.85,0.994674454561072,5821.0,0.07237760977045112
She_Her,0.9806494466818365,0.9316169743477446,0.9512299632813814,0.04877003671861857,0.0683830256522554,0.9502543014461488,0.9329323710128744,0.9408433494482518,0.85,0.9968235060551915,5037.0,0.0642815265778431
Other,0.9841791979949875,0.9349702380952382,0.9546538220551379,0.045346177944862065,0.06502976190476184,0.9537433249072439,0.9362255478780768,0.944263482867887,0.85,1.0,38.0,0.04816468246892821
Xe_Xem,0.9800662878787879,0.9310629734848485,0.9506642992424242,0.04933570075757576,0.06893702651515154,0.949677919754738,0.932388253355859,0.9402783243540743,0.85,1.0,24.0,0.04926934633368429
They_Them,0.9958333333333333,0.9460416666666667,0.9659583333333334,0.03404166666666664,0.05395833333333333,0.9652665589660744,0.9470953509273634,0.9555574260342579,0.85,1.0,15.0,0.015590239111558086
